[
  {"model": "bookstudio.designpattern", "pk": "curated-title-center-01", "fields": {"name": "\uc911\uc559 \ub300\uc81c\ubaa9", "description": "\ud070 \uc81c\ubaa9\uc774 \uc911\uc559\uc5d0 \uc704\uce58\ud558\uace0 \ubd80\uc81c\ubaa9\uc774 \uc544\ub798\uc5d0 \uc624\ub294 \ud0c0\uc774\ud2c0 \uc2ac\ub77c\uc774\ub4dc", "category": "TITLE", "tags": ["\ubbf8\ub2c8\uba40", "\ubc94\uc6a9"], "target_layout": "PPTX_WIDE", "page_background_type": "CLR", "page_background_color": "#1a1a2e", "page_opacity": 1.0, "palette": {"primary": "#e94560", "secondary": "#533483", "accent": "#e94560", "text": "#ffffff", "background": "#1a1a2e"}, "typography": {"heading_font": "Pretendard", "body_font": "Pretendard", "heading_size": 48, "body_size": 18}, "source": "CURATED", "is_active": true, "usage_count": 0}},
  {"model": "bookstudio.designpatternslot", "pk": "slot-title-center-01-t", "fields": {"pattern": "curated-title-center-01", "role": "title", "media_type": "HL", "left_pct": 10, "top_pct": 30, "width_pct": 80, "height_pct": 20, "style": {"font_size": 48, "font_bold": true, "text_align": "center", "color": "#ffffff"}, "order": 0}},
  {"model": "bookstudio.designpatternslot", "pk": "slot-title-center-01-s", "fields": {"pattern": "curated-title-center-01", "role": "subtitle", "media_type": "TXT", "left_pct": 20, "top_pct": 55, "width_pct": 60, "height_pct": 10, "style": {"font_size": 20, "text_align": "center", "color": "#cccccc", "letter_spacing": 1.5}, "order": 1}},

  {"model": "bookstudio.designpattern", "pk": "curated-title-left-02", "fields": {"name": "\uc88c\uce21 \uc81c\ubaa9 + \uc7a5\uc2dd", "description": "\uc81c\ubaa9\uc774 \uc88c\uce21\uc5d0, \uc6b0\uce21\uc5d0 \uc138\ub85c \uc7a5\uc2dd \ub77c\uc778", "category": "TITLE", "tags": ["\ubaa8\ub358", "\ube44\uc988\ub2c8\uc2a4"], "target_layout": "PPTX_WIDE", "page_background_type": "CLR", "page_background_color": "#0f0e17", "page_opacity": 1.0, "palette": {"primary": "#ff8906", "secondary": "#f25f4c", "accent": "#ff8906", "text": "#fffffe", "background": "#0f0e17"}, "typography": {"heading_font": "Pretendard", "body_font": "Pretendard", "heading_size": 44, "body_size": 18}, "source": "CURATED", "is_active": true, "usage_count": 0}},
  {"model": "bookstudio.designpatternslot", "pk": "slot-title-left-02-t", "fields": {"pattern": "curated-title-left-02", "role": "title", "media_type": "HL", "left_pct": 8, "top_pct": 25, "width_pct": 55, "height_pct": 25, "style": {"font_size": 44, "font_bold": true, "text_align": "left", "color": "#fffffe"}, "order": 0}},
  {"model": "bookstudio.designpatternslot", "pk": "slot-title-left-02-s", "fields": {"pattern": "curated-title-left-02", "role": "subtitle", "media_type": "TXT", "left_pct": 8, "top_pct": 55, "width_pct": 55, "height_pct": 10, "style": {"font_size": 18, "color": "#a7a9be"}, "order": 1}},
  {"model": "bookstudio.designpatternslot", "pk": "slot-title-left-02-a", "fields": {"pattern": "curated-title-left-02", "role": "accent", "media_type": "SHA", "left_pct": 88, "top_pct": 10, "width_pct": 2, "height_pct": 80, "style": {"background_color": "#ff8906", "shape_type": 0}, "order": 2}},

  {"model": "bookstudio.designpattern", "pk": "curated-title-image-03", "fields": {"name": "\uc774\ubbf8\uc9c0 \ubc30\uacbd \uc81c\ubaa9", "description": "\uc804\uccb4 \uc774\ubbf8\uc9c0 \uc704\uc5d0 \uc81c\ubaa9 \uc624\ubc84\ub808\uc774", "category": "TITLE", "tags": ["\uc2dc\uac01\uc801", "\uc784\ud329\ud2b8"], "target_layout": "PPTX_WIDE", "page_background_type": "CLR", "page_background_color": "#000000", "page_opacity": 1.0, "palette": {"primary": "#ffffff", "secondary": "#cccccc", "accent": "#e94560", "text": "#ffffff", "background": "#000000"}, "typography": {"heading_font": "Pretendard", "body_font": "Pretendard", "heading_size": 52, "body_size": 18}, "source": "CURATED", "is_active": true, "usage_count": 0}},
  {"model": "bookstudio.designpatternslot", "pk": "slot-title-image-03-i", "fields": {"pattern": "curated-title-image-03", "role": "image", "media_type": "IMG", "left_pct": 0, "top_pct": 0, "width_pct": 100, "height_pct": 100, "style": {"opacity": 0.5}, "order": 0}},
  {"model": "bookstudio.designpatternslot", "pk": "slot-title-image-03-t", "fields": {"pattern": "curated-title-image-03", "role": "title", "media_type": "HL", "left_pct": 10, "top_pct": 35, "width_pct": 80, "height_pct": 15, "style": {"font_size": 52, "font_bold": true, "text_align": "center", "color": "#ffffff"}, "order": 1}},
  {"model": "bookstudio.designpatternslot", "pk": "slot-title-image-03-s", "fields": {"pattern": "curated-title-image-03", "role": "subtitle", "media_type": "TXT", "left_pct": 20, "top_pct": 55, "width_pct": 60, "height_pct": 8, "style": {"font_size": 20, "text_align": "center", "color": "#cccccc"}, "order": 2}},

  {"model": "bookstudio.designpattern", "pk": "curated-section-04", "fields": {"name": "\uc139\uc158 \uad6c\ubd84", "description": "\ud070 \uc22b\uc790 + \uc139\uc158 \uc81c\ubaa9", "category": "SECTION", "tags": ["\uad6c\uc870\uc801"], "target_layout": "PPTX_WIDE", "page_background_type": "CLR", "page_background_color": "#1a1a2e", "page_opacity": 1.0, "palette": {"primary": "#e94560", "secondary": "#533483", "accent": "#e94560", "text": "#ffffff", "background": "#1a1a2e"}, "typography": {"heading_font": "Pretendard", "body_font": "Pretendard", "heading_size": 40, "body_size": 18}, "source": "CURATED", "is_active": true, "usage_count": 0}},
  {"model": "bookstudio.designpatternslot", "pk": "slot-section-04-n", "fields": {"pattern": "curated-section-04", "role": "number", "media_type": "TXT", "left_pct": 8, "top_pct": 25, "width_pct": 20, "height_pct": 50, "style": {"font_size": 96, "font_bold": true, "color": "#e94560", "text_align": "center"}, "order": 0}},
  {"model": "bookstudio.designpatternslot", "pk": "slot-section-04-t", "fields": {"pattern": "curated-section-04", "role": "title", "media_type": "HL", "left_pct": 35, "top_pct": 35, "width_pct": 55, "height_pct": 15, "style": {"font_size": 40, "font_bold": true, "color": "#ffffff"}, "order": 1}},
  {"model": "bookstudio.designpatternslot", "pk": "slot-section-04-a", "fields": {"pattern": "curated-section-04", "role": "accent", "media_type": "SHA", "left_pct": 35, "top_pct": 55, "width_pct": 30, "height_pct": 1, "style": {"background_color": "#e94560"}, "order": 2}},

  {"model": "bookstudio.designpattern", "pk": "curated-content-single-05", "fields": {"name": "\ubcf8\ubb38 1\ub2e8", "description": "\uc81c\ubaa9 + \ubcf8\ubb38 1\ub2e8 \ub808\uc774\uc544\uc6c3", "category": "CONTENT", "tags": ["\uae30\ubcf8", "\ubc94\uc6a9"], "target_layout": "PPTX_WIDE", "page_background_type": "CLR", "page_background_color": "#1a1a2e", "page_opacity": 1.0, "palette": {"primary": "#e94560", "secondary": "#533483", "accent": "#e94560", "text": "#ffffff", "background": "#1a1a2e"}, "typography": {"heading_font": "Pretendard", "body_font": "Pretendard", "heading_size": 32, "body_size": 18}, "source": "CURATED", "is_active": true, "usage_count": 0}},
  {"model": "bookstudio.designpatternslot", "pk": "slot-content-05-t", "fields": {"pattern": "curated-content-single-05", "role": "title", "media_type": "HL", "left_pct": 8, "top_pct": 8, "width_pct": 84, "height_pct": 12, "style": {"font_size": 32, "font_bold": true, "color": "#ffffff"}, "order": 0}},
  {"model": "bookstudio.designpatternslot", "pk": "slot-content-05-a", "fields": {"pattern": "curated-content-single-05", "role": "accent", "media_type": "SHA", "left_pct": 8, "top_pct": 22, "width_pct": 5, "height_pct": 1, "style": {"background_color": "#e94560"}, "order": 1}},
  {"model": "bookstudio.designpatternslot", "pk": "slot-content-05-b", "fields": {"pattern": "curated-content-single-05", "role": "body", "media_type": "TXT", "left_pct": 8, "top_pct": 28, "width_pct": 84, "height_pct": 60, "style": {"font_size": 18, "color": "#cccccc", "line_height": 1.6}, "order": 2}},

  {"model": "bookstudio.designpattern", "pk": "curated-content-twocol-06", "fields": {"name": "\ubcf8\ubb38 2\ub2e8", "description": "\uc81c\ubaa9 + \uc88c\uc6b0 2\ub2e8 \ubcf8\ubb38", "category": "CONTENT_2COL", "tags": ["\ube44\uad50", "\uade0\ud615"], "target_layout": "PPTX_WIDE", "page_background_type": "CLR", "page_background_color": "#1a1a2e", "page_opacity": 1.0, "palette": {"primary": "#e94560", "secondary": "#533483", "accent": "#e94560", "text": "#ffffff", "background": "#1a1a2e"}, "typography": {"heading_font": "Pretendard", "body_font": "Pretendard", "heading_size": 32, "body_size": 16}, "source": "CURATED", "is_active": true, "usage_count": 0}},
  {"model": "bookstudio.designpatternslot", "pk": "slot-twocol-06-t", "fields": {"pattern": "curated-content-twocol-06", "role": "title", "media_type": "HL", "left_pct": 8, "top_pct": 8, "width_pct": 84, "height_pct": 12, "style": {"font_size": 32, "font_bold": true, "color": "#ffffff"}, "order": 0}},
  {"model": "bookstudio.designpatternslot", "pk": "slot-twocol-06-b1", "fields": {"pattern": "curated-content-twocol-06", "role": "body", "media_type": "TXT", "left_pct": 8, "top_pct": 25, "width_pct": 40, "height_pct": 65, "style": {"font_size": 16, "color": "#cccccc", "line_height": 1.6}, "order": 1}},
  {"model": "bookstudio.designpatternslot", "pk": "slot-twocol-06-b2", "fields": {"pattern": "curated-content-twocol-06", "role": "body", "media_type": "TXT", "left_pct": 52, "top_pct": 25, "width_pct": 40, "height_pct": 65, "style": {"font_size": 16, "color": "#cccccc", "line_height": 1.6}, "order": 2}},

  {"model": "bookstudio.designpattern", "pk": "curated-content-list-07", "fields": {"name": "\ubc88\ud638 \ubaa9\ub85d", "description": "\uc81c\ubaa9 + \ud0a4 \uc22b\uc790 3\uac1c + \uc124\uba85", "category": "CONTENT", "tags": ["\ubaa9\ub85d", "\uc694\uc57d"], "target_layout": "PPTX_WIDE", "page_background_type": "CLR", "page_background_color": "#1a1a2e", "page_opacity": 1.0, "palette": {"primary": "#e94560", "secondary": "#533483", "accent": "#e94560", "text": "#ffffff", "background": "#1a1a2e"}, "typography": {"heading_font": "Pretendard", "body_font": "Pretendard", "heading_size": 32, "body_size": 16}, "source": "CURATED", "is_active": true, "usage_count": 0}},
  {"model": "bookstudio.designpatternslot", "pk": "slot-list-07-t", "fields": {"pattern": "curated-content-list-07", "role": "title", "media_type": "HL", "left_pct": 8, "top_pct": 8, "width_pct": 84, "height_pct": 12, "style": {"font_size": 32, "font_bold": true, "color": "#ffffff"}, "order": 0}},
  {"model": "bookstudio.designpatternslot", "pk": "slot-list-07-n1", "fields": {"pattern": "curated-content-list-07", "role": "number", "media_type": "TXT", "left_pct": 8, "top_pct": 28, "width_pct": 10, "height_pct": 15, "style": {"font_size": 36, "font_bold": true, "color": "#e94560", "text_align": "center"}, "order": 1}},
  {"model": "bookstudio.designpatternslot", "pk": "slot-list-07-b1", "fields": {"pattern": "curated-content-list-07", "role": "body", "media_type": "TXT", "left_pct": 20, "top_pct": 28, "width_pct": 72, "height_pct": 15, "style": {"font_size": 16, "color": "#cccccc"}, "order": 2}},
  {"model": "bookstudio.designpatternslot", "pk": "slot-list-07-n2", "fields": {"pattern": "curated-content-list-07", "role": "number", "media_type": "TXT", "left_pct": 8, "top_pct": 48, "width_pct": 10, "height_pct": 15, "style": {"font_size": 36, "font_bold": true, "color": "#e94560", "text_align": "center"}, "order": 3}},
  {"model": "bookstudio.designpatternslot", "pk": "slot-list-07-b2", "fields": {"pattern": "curated-content-list-07", "role": "body", "media_type": "TXT", "left_pct": 20, "top_pct": 48, "width_pct": 72, "height_pct": 15, "style": {"font_size": 16, "color": "#cccccc"}, "order": 4}},
  {"model": "bookstudio.designpatternslot", "pk": "slot-list-07-n3", "fields": {"pattern": "curated-content-list-07", "role": "number", "media_type": "TXT", "left_pct": 8, "top_pct": 68, "width_pct": 10, "height_pct": 15, "style": {"font_size": 36, "font_bold": true, "color": "#e94560", "text_align": "center"}, "order": 5}},
  {"model": "bookstudio.designpatternslot", "pk": "slot-list-07-b3", "fields": {"pattern": "curated-content-list-07", "role": "body", "media_type": "TXT", "left_pct": 20, "top_pct": 68, "width_pct": 72, "height_pct": 15, "style": {"font_size": 16, "color": "#cccccc"}, "order": 6}},

  {"model": "bookstudio.designpattern", "pk": "curated-imgtxt-left-08", "fields": {"name": "\uc88c \uc774\ubbf8\uc9c0 + \uc6b0 \ud14d\uc2a4\ud2b8", "description": "\uc88c\uce21 50% \uc774\ubbf8\uc9c0, \uc6b0\uce21 \uc81c\ubaa9+\ubcf8\ubb38", "category": "IMG_TXT", "tags": ["\uc2dc\uac01\uc801", "\uade0\ud615"], "target_layout": "PPTX_WIDE", "page_background_type": "CLR", "page_background_color": "#1a1a2e", "page_opacity": 1.0, "palette": {"primary": "#e94560", "secondary": "#533483", "accent": "#e94560", "text": "#ffffff", "background": "#1a1a2e"}, "typography": {"heading_font": "Pretendard", "body_font": "Pretendard", "heading_size": 32, "body_size": 16}, "source": "CURATED", "is_active": true, "usage_count": 0}},
  {"model": "bookstudio.designpatternslot", "pk": "slot-imgtxt-08-i", "fields": {"pattern": "curated-imgtxt-left-08", "role": "image", "media_type": "IMG", "left_pct": 0, "top_pct": 0, "width_pct": 48, "height_pct": 100, "style": {}, "order": 0}},
  {"model": "bookstudio.designpatternslot", "pk": "slot-imgtxt-08-t", "fields": {"pattern": "curated-imgtxt-left-08", "role": "title", "media_type": "HL", "left_pct": 55, "top_pct": 15, "width_pct": 40, "height_pct": 15, "style": {"font_size": 32, "font_bold": true, "color": "#ffffff"}, "order": 1}},
  {"model": "bookstudio.designpatternslot", "pk": "slot-imgtxt-08-b", "fields": {"pattern": "curated-imgtxt-left-08", "role": "body", "media_type": "TXT", "left_pct": 55, "top_pct": 35, "width_pct": 40, "height_pct": 50, "style": {"font_size": 16, "color": "#cccccc", "line_height": 1.6}, "order": 2}},

  {"model": "bookstudio.designpattern", "pk": "curated-imgtxt-right-09", "fields": {"name": "\uc6b0 \uc774\ubbf8\uc9c0 + \uc88c \ud14d\uc2a4\ud2b8", "description": "\uc88c\uce21 \uc81c\ubaa9+\ubcf8\ubb38, \uc6b0\uce21 50% \uc774\ubbf8\uc9c0", "category": "IMG_TXT", "tags": ["\uc2dc\uac01\uc801", "\uade0\ud615"], "target_layout": "PPTX_WIDE", "page_background_type": "CLR", "page_background_color": "#1a1a2e", "page_opacity": 1.0, "palette": {"primary": "#e94560", "secondary": "#533483", "accent": "#e94560", "text": "#ffffff", "background": "#1a1a2e"}, "typography": {"heading_font": "Pretendard", "body_font": "Pretendard", "heading_size": 32, "body_size": 16}, "source": "CURATED", "is_active": true, "usage_count": 0}},
  {"model": "bookstudio.designpatternslot", "pk": "slot-imgtxt-09-t", "fields": {"pattern": "curated-imgtxt-right-09", "role": "title", "media_type": "HL", "left_pct": 5, "top_pct": 15, "width_pct": 40, "height_pct": 15, "style": {"font_size": 32, "font_bold": true, "color": "#ffffff"}, "order": 0}},
  {"model": "bookstudio.designpatternslot", "pk": "slot-imgtxt-09-b", "fields": {"pattern": "curated-imgtxt-right-09", "role": "body", "media_type": "TXT", "left_pct": 5, "top_pct": 35, "width_pct": 40, "height_pct": 50, "style": {"font_size": 16, "color": "#cccccc", "line_height": 1.6}, "order": 1}},
  {"model": "bookstudio.designpatternslot", "pk": "slot-imgtxt-09-i", "fields": {"pattern": "curated-imgtxt-right-09", "role": "image", "media_type": "IMG", "left_pct": 52, "top_pct": 0, "width_pct": 48, "height_pct": 100, "style": {}, "order": 2}},

  {"model": "bookstudio.designpattern", "pk": "curated-image-full-10", "fields": {"name": "\uc804\uccb4 \uc774\ubbf8\uc9c0 + \uce21\uc158", "description": "\uc804\uccb4 \uc774\ubbf8\uc9c0 85% + \ud558\ub2e8 \uce21\uc158", "category": "IMAGE", "tags": ["\uc2dc\uac01\uc801", "\uc0ac\uc9c4"], "target_layout": "PPTX_WIDE", "page_background_type": "CLR", "page_background_color": "#000000", "page_opacity": 1.0, "palette": {"primary": "#ffffff", "secondary": "#cccccc", "accent": "#e94560", "text": "#ffffff", "background": "#000000"}, "typography": {"heading_font": "Pretendard", "body_font": "Pretendard", "heading_size": 32, "body_size": 14}, "source": "CURATED", "is_active": true, "usage_count": 0}},
  {"model": "bookstudio.designpatternslot", "pk": "slot-image-10-i", "fields": {"pattern": "curated-image-full-10", "role": "image", "media_type": "IMG", "left_pct": 0, "top_pct": 0, "width_pct": 100, "height_pct": 85, "style": {}, "order": 0}},
  {"model": "bookstudio.designpatternslot", "pk": "slot-image-10-c", "fields": {"pattern": "curated-image-full-10", "role": "caption", "media_type": "TXT", "left_pct": 5, "top_pct": 88, "width_pct": 90, "height_pct": 8, "style": {"font_size": 14, "color": "#999999", "text_align": "center"}, "order": 1}},

  {"model": "bookstudio.designpattern", "pk": "curated-data-three-11", "fields": {"name": "\ud0a4 \uc218\uce58 3\uc5f4", "description": "\uc81c\ubaa9 + 3\uac1c \ud575\uc2ec \uc218\uce58 + \uc124\uba85", "category": "DATA", "tags": ["\ub370\uc774\ud130", "\uac15\uc870"], "target_layout": "PPTX_WIDE", "page_background_type": "CLR", "page_background_color": "#1a1a2e", "page_opacity": 1.0, "palette": {"primary": "#e94560", "secondary": "#533483", "accent": "#e94560", "text": "#ffffff", "background": "#1a1a2e"}, "typography": {"heading_font": "Pretendard", "body_font": "Pretendard", "heading_size": 32, "body_size": 14}, "source": "CURATED", "is_active": true, "usage_count": 0}},
  {"model": "bookstudio.designpatternslot", "pk": "slot-data-11-t", "fields": {"pattern": "curated-data-three-11", "role": "title", "media_type": "HL", "left_pct": 8, "top_pct": 8, "width_pct": 84, "height_pct": 12, "style": {"font_size": 32, "font_bold": true, "color": "#ffffff"}, "order": 0}},
  {"model": "bookstudio.designpatternslot", "pk": "slot-data-11-n1", "fields": {"pattern": "curated-data-three-11", "role": "number", "media_type": "TXT", "left_pct": 5, "top_pct": 30, "width_pct": 28, "height_pct": 25, "style": {"font_size": 48, "font_bold": true, "color": "#e94560", "text_align": "center"}, "order": 1}},
  {"model": "bookstudio.designpatternslot", "pk": "slot-data-11-c1", "fields": {"pattern": "curated-data-three-11", "role": "caption", "media_type": "TXT", "left_pct": 5, "top_pct": 58, "width_pct": 28, "height_pct": 15, "style": {"font_size": 14, "color": "#999999", "text_align": "center"}, "order": 2}},
  {"model": "bookstudio.designpatternslot", "pk": "slot-data-11-n2", "fields": {"pattern": "curated-data-three-11", "role": "number", "media_type": "TXT", "left_pct": 36, "top_pct": 30, "width_pct": 28, "height_pct": 25, "style": {"font_size": 48, "font_bold": true, "color": "#e94560", "text_align": "center"}, "order": 3}},
  {"model": "bookstudio.designpatternslot", "pk": "slot-data-11-c2", "fields": {"pattern": "curated-data-three-11", "role": "caption", "media_type": "TXT", "left_pct": 36, "top_pct": 58, "width_pct": 28, "height_pct": 15, "style": {"font_size": 14, "color": "#999999", "text_align": "center"}, "order": 4}},
  {"model": "bookstudio.designpatternslot", "pk": "slot-data-11-n3", "fields": {"pattern": "curated-data-three-11", "role": "number", "media_type": "TXT", "left_pct": 67, "top_pct": 30, "width_pct": 28, "height_pct": 25, "style": {"font_size": 48, "font_bold": true, "color": "#e94560", "text_align": "center"}, "order": 5}},
  {"model": "bookstudio.designpatternslot", "pk": "slot-data-11-c3", "fields": {"pattern": "curated-data-three-11", "role": "caption", "media_type": "TXT", "left_pct": 67, "top_pct": 58, "width_pct": 28, "height_pct": 15, "style": {"font_size": 14, "color": "#999999", "text_align": "center"}, "order": 6}},

  {"model": "bookstudio.designpattern", "pk": "curated-comparison-12", "fields": {"name": "\uc88c\uc6b0 \ube44\uad50", "description": "\uc81c\ubaa9 + \uc88c\uc6b0 \ube44\uad50 \ubcf8\ubb38 + \uc911\uc559 \uad6c\ubd84\uc120", "category": "COMPARISON", "tags": ["\ube44\uad50", "\ubd84\uc11d"], "target_layout": "PPTX_WIDE", "page_background_type": "CLR", "page_background_color": "#1a1a2e", "page_opacity": 1.0, "palette": {"primary": "#e94560", "secondary": "#533483", "accent": "#e94560", "text": "#ffffff", "background": "#1a1a2e"}, "typography": {"heading_font": "Pretendard", "body_font": "Pretendard", "heading_size": 32, "body_size": 16}, "source": "CURATED", "is_active": true, "usage_count": 0}},
  {"model": "bookstudio.designpatternslot", "pk": "slot-comp-12-t", "fields": {"pattern": "curated-comparison-12", "role": "title", "media_type": "HL", "left_pct": 8, "top_pct": 8, "width_pct": 84, "height_pct": 12, "style": {"font_size": 32, "font_bold": true, "color": "#ffffff"}, "order": 0}},
  {"model": "bookstudio.designpatternslot", "pk": "slot-comp-12-b1", "fields": {"pattern": "curated-comparison-12", "role": "body", "media_type": "TXT", "left_pct": 5, "top_pct": 25, "width_pct": 43, "height_pct": 65, "style": {"font_size": 16, "color": "#cccccc", "line_height": 1.6}, "order": 1}},
  {"model": "bookstudio.designpatternslot", "pk": "slot-comp-12-a", "fields": {"pattern": "curated-comparison-12", "role": "accent", "media_type": "SHA", "left_pct": 49.5, "top_pct": 25, "width_pct": 1, "height_pct": 65, "style": {"background_color": "#e94560"}, "order": 2}},
  {"model": "bookstudio.designpatternslot", "pk": "slot-comp-12-b2", "fields": {"pattern": "curated-comparison-12", "role": "body", "media_type": "TXT", "left_pct": 52, "top_pct": 25, "width_pct": 43, "height_pct": 65, "style": {"font_size": 16, "color": "#cccccc", "line_height": 1.6}, "order": 3}},

  {"model": "bookstudio.designpattern", "pk": "curated-quote-13", "fields": {"name": "\uc778\uc6a9\ubb38", "description": "\ud070 \ub530\uc634\ud45c + \uc911\uc559 \uc778\uc6a9\ubb38 + \uc800\uc790", "category": "QUOTE", "tags": ["\uac15\uc870", "\ubbf8\ub2c8\uba40"], "target_layout": "PPTX_WIDE", "page_background_type": "CLR", "page_background_color": "#1a1a2e", "page_opacity": 1.0, "palette": {"primary": "#e94560", "secondary": "#533483", "accent": "#e94560", "text": "#ffffff", "background": "#1a1a2e"}, "typography": {"heading_font": "Pretendard", "body_font": "Pretendard", "heading_size": 32, "body_size": 24}, "source": "CURATED", "is_active": true, "usage_count": 0}},
  {"model": "bookstudio.designpatternslot", "pk": "slot-quote-13-a", "fields": {"pattern": "curated-quote-13", "role": "accent", "media_type": "TXT", "left_pct": 10, "top_pct": 15, "width_pct": 15, "height_pct": 20, "style": {"font_size": 96, "color": "#e94560", "text_align": "center"}, "order": 0}},
  {"model": "bookstudio.designpatternslot", "pk": "slot-quote-13-b", "fields": {"pattern": "curated-quote-13", "role": "body", "media_type": "TXT", "left_pct": 15, "top_pct": 35, "width_pct": 70, "height_pct": 30, "style": {"font_size": 24, "color": "#ffffff", "text_align": "center", "font_italic": true, "line_height": 1.6}, "order": 1}},
  {"model": "bookstudio.designpatternslot", "pk": "slot-quote-13-c", "fields": {"pattern": "curated-quote-13", "role": "caption", "media_type": "TXT", "left_pct": 25, "top_pct": 70, "width_pct": 50, "height_pct": 8, "style": {"font_size": 14, "color": "#999999", "text_align": "center"}, "order": 2}},

  {"model": "bookstudio.designpattern", "pk": "curated-closing-14", "fields": {"name": "\uac10\uc0ac/CTA", "description": "\uc911\uc559 \uac10\uc0ac \uba54\uc2dc\uc9c0 + \ubd80\uc81c\ubaa9 + \uc0c1\ub2e8 \uc7a5\uc2dd", "category": "CLOSING", "tags": ["\ub9c8\ubb34\ub9ac", "\ubc94\uc6a9"], "target_layout": "PPTX_WIDE", "page_background_type": "CLR", "page_background_color": "#1a1a2e", "page_opacity": 1.0, "palette": {"primary": "#e94560", "secondary": "#533483", "accent": "#e94560", "text": "#ffffff", "background": "#1a1a2e"}, "typography": {"heading_font": "Pretendard", "body_font": "Pretendard", "heading_size": 40, "body_size": 18}, "source": "CURATED", "is_active": true, "usage_count": 0}},
  {"model": "bookstudio.designpatternslot", "pk": "slot-closing-14-a", "fields": {"pattern": "curated-closing-14", "role": "accent", "media_type": "SHA", "left_pct": 35, "top_pct": 20, "width_pct": 30, "height_pct": 1, "style": {"background_color": "#e94560"}, "order": 0}},
  {"model": "bookstudio.designpatternslot", "pk": "slot-closing-14-t", "fields": {"pattern": "curated-closing-14", "role": "title", "media_type": "HL", "left_pct": 10, "top_pct": 30, "width_pct": 80, "height_pct": 20, "style": {"font_size": 40, "font_bold": true, "text_align": "center", "color": "#ffffff"}, "order": 1}},
  {"model": "bookstudio.designpatternslot", "pk": "slot-closing-14-s", "fields": {"pattern": "curated-closing-14", "role": "subtitle", "media_type": "TXT", "left_pct": 20, "top_pct": 55, "width_pct": 60, "height_pct": 10, "style": {"font_size": 18, "text_align": "center", "color": "#999999"}, "order": 2}},

  {"model": "bookstudio.designpattern", "pk": "curated-blank-15", "fields": {"name": "\ube48 \uce94\ubc84\uc2a4", "description": "\uc2ac\ub86f \uc5c6\uc74c, \uc790\uc720 \ubc30\uce58\uc6a9", "category": "BLANK", "tags": ["\uc790\uc720", "\ube48"], "target_layout": "PPTX_WIDE", "page_background_type": "CLR", "page_background_color": "#1a1a2e", "page_opacity": 1.0, "palette": {"primary": "#e94560", "secondary": "#533483", "accent": "#e94560", "text": "#ffffff", "background": "#1a1a2e"}, "typography": {"heading_font": "Pretendard", "body_font": "Pretendard", "heading_size": 32, "body_size": 18}, "source": "CURATED", "is_active": true, "usage_count": 0}},

  {"model": "bookstudio.designpatternset", "pk": "curated-set-minimal-dark", "fields": {"name": "\ubbf8\ub2c8\uba40 \ub2e4\ud06c", "description": "\uc5b4\ub450\uc6b4 \ubc30\uacbd, \uae54\ub054\ud55c \ud0c0\uc774\ud3ec\uadf8\ub798\ud53c\uc758 \ube44\uc988\ub2c8\uc2a4 \ud504\ub808\uc820\ud14c\uc774\uc158 \uc138\ud2b8", "palette": {"primary": "#e94560", "secondary": "#533483", "accent": "#e94560", "text": "#ffffff", "background": "#1a1a2e"}, "target_layout": "PPTX_WIDE", "is_active": true}},
  {"model": "bookstudio.designpatternsetmembership", "pk": "mem-set-dark-01", "fields": {"pattern_set": "curated-set-minimal-dark", "pattern": "curated-title-center-01", "priority": 0}},
  {"model": "bookstudio.designpatternsetmembership", "pk": "mem-set-dark-02", "fields": {"pattern_set": "curated-set-minimal-dark", "pattern": "curated-title-left-02", "priority": 1}},
  {"model": "bookstudio.designpatternsetmembership", "pk": "mem-set-dark-03", "fields": {"pattern_set": "curated-set-minimal-dark", "pattern": "curated-title-image-03", "priority": 2}},
  {"model": "bookstudio.designpatternsetmembership", "pk": "mem-set-dark-04", "fields": {"pattern_set": "curated-set-minimal-dark", "pattern": "curated-section-04", "priority": 0}},
  {"model": "bookstudio.designpatternsetmembership", "pk": "mem-set-dark-05", "fields": {"pattern_set": "curated-set-minimal-dark", "pattern": "curated-content-single-05", "priority": 0}},
  {"model": "bookstudio.designpatternsetmembership", "pk": "mem-set-dark-06", "fields": {"pattern_set": "curated-set-minimal-dark", "pattern": "curated-content-twocol-06", "priority": 0}},
  {"model": "bookstudio.designpatternsetmembership", "pk": "mem-set-dark-07", "fields": {"pattern_set": "curated-set-minimal-dark", "pattern": "curated-content-list-07", "priority": 1}},
  {"model": "bookstudio.designpatternsetmembership", "pk": "mem-set-dark-08", "fields": {"pattern_set": "curated-set-minimal-dark", "pattern": "curated-imgtxt-left-08", "priority": 0}},
  {"model": "bookstudio.designpatternsetmembership", "pk": "mem-set-dark-09", "fields": {"pattern_set": "curated-set-minimal-dark", "pattern": "curated-imgtxt-right-09", "priority": 1}},
  {"model": "bookstudio.designpatternsetmembership", "pk": "mem-set-dark-10", "fields": {"pattern_set": "curated-set-minimal-dark", "pattern": "curated-image-full-10", "priority": 0}},
  {"model": "bookstudio.designpatternsetmembership", "pk": "mem-set-dark-11", "fields": {"pattern_set": "curated-set-minimal-dark", "pattern": "curated-data-three-11", "priority": 0}},
  {"model": "bookstudio.designpatternsetmembership", "pk": "mem-set-dark-12", "fields": {"pattern_set": "curated-set-minimal-dark", "pattern": "curated-comparison-12", "priority": 0}},
  {"model": "bookstudio.designpatternsetmembership", "pk": "mem-set-dark-13", "fields": {"pattern_set": "curated-set-minimal-dark", "pattern": "curated-quote-13", "priority": 0}},
  {"model": "bookstudio.designpatternsetmembership", "pk": "mem-set-dark-14", "fields": {"pattern_set": "curated-set-minimal-dark", "pattern": "curated-closing-14", "priority": 0}},
  {"model": "bookstudio.designpatternsetmembership", "pk": "mem-set-dark-15", "fields": {"pattern_set": "curated-set-minimal-dark", "pattern": "curated-blank-15", "priority": 0}}
]
